{
  "categorias": [
    { "id": "LANCHES", "name": "Lanches / Hamburgueria" },
    { "id": "PIZZA", "name": "Pizza" },
    { "id": "JAPONESA", "name": "Japonesa / Sushi" },
    { "id": "BRASILEIRA", "name": "Brasileira" },
    { "id": "ARABE", "name": "Árabe / Esfiha / Kebab" },
    { "id": "CHINESA", "name": "Chinesa" },
    { "id": "ITALIANA", "name": "Italiana / Massas" },
    { "id": "MARMITAS", "name": "Marmitas / Pratos Feitos (PF)" },
    { "id": "SAUDAVEL", "name": "Saudável / Fitness / Saladas" },
    { "id": "ACAI", "name": "Açaí / Sobremesas" },
    { "id": "SORVETES", "name": "Sorvetes / Gelatos" },
    { "id": "CAFETERIA", "name": "Cafeteria / Padaria" },
    { "id": "BEBIDAS", "name": "Bebidas / Sucos / Refrigerantes" },
    { "id": "VEGETARIANA", "name": "Vegetariana / Vegana" },
    { "id": "DOCES", "name": "Doces / Confeitaria" }
  ],
  "config": {
    "quantidadeUsuarios": 50,
    "quantidadeRestaurantesPorCategoria": 4,
    "quantidadeProdutosPorRestaurante": 10,
    "quantidadePedidosPorUsuario": 3,
    "senhaPadraoUsuario": "senha123",
    "senhaPadraoRestaurante": "restaurante123"
  },
  "regioesSP": [
    { "bairro": "Centro", "cidade": "São Paulo", "cep": "01000-000", "lat": -23.5505, "lng": -46.6333 },
    { "bairro": "Vila Madalena", "cidade": "São Paulo", "cep": "05433-000", "lat": -23.5489, "lng": -46.6918 },
    { "bairro": "Pinheiros", "cidade": "São Paulo", "cep": "05422-000", "lat": -23.5676, "lng": -46.6912 },
    { "bairro": "Jardins", "cidade": "São Paulo", "cep": "01413-000", "lat": -23.5676, "lng": -46.6734 },
    { "bairro": "Moema", "cidade": "São Paulo", "cep": "04560-000", "lat": -23.6045, "lng": -46.6694 },
    { "bairro": "Vila Olímpia", "cidade": "São Paulo", "cep": "04547-000", "lat": -23.5925, "lng": -46.6875 },
    { "bairro": "Itaim Bibi", "cidade": "São Paulo", "cep": "04530-000", "lat": -23.5842, "lng": -46.6805 },
    { "bairro": "Brooklin", "cidade": "São Paulo", "cep": "04562-000", "lat": -23.6105, "lng": -46.6864 },
    { "bairro": "Campo Belo", "cidade": "São Paulo", "cep": "04605-000", "lat": -23.6250, "lng": -46.6734 },
    { "bairro": "Santo André", "cidade": "Santo André", "cep": "09000-000", "lat": -23.6667, "lng": -46.5333 },
    { "bairro": "São Bernardo", "cidade": "São Bernardo do Campo", "cep": "09700-000", "lat": -23.6939, "lng": -46.5650 },
    { "bairro": "Osasco", "cidade": "Osasco", "cep": "06000-000", "lat": -23.5329, "lng": -46.7915 },
    { "bairro": "Guarulhos", "cidade": "Guarulhos", "cep": "07000-000", "lat": -23.4538, "lng": -46.5331 },
    { "bairro": "Barueri", "cidade": "Barueri", "cep": "06400-000", "lat": -23.5108, "lng": -46.8761 },
    { "bairro": "São Caetano", "cidade": "São Caetano do Sul", "cep": "09500-000", "lat": -23.6231, "lng": -46.5512 },
    { "bairro": "Diadema", "cidade": "Diadema", "cep": "09900-000", "lat": -23.6864, "lng": -46.6228 },
    { "bairro": "Mauá", "cidade": "Mauá", "cep": "09300-000", "lat": -23.6677, "lng": -46.4613 },
    { "bairro": "Ribeirão Pires", "cidade": "Ribeirão Pires", "cep": "09400-000", "lat": -23.7106, "lng": -46.4128 },
    { "bairro": "Cotia", "cidade": "Cotia", "cep": "06700-000", "lat": -23.6022, "lng": -46.9194 },
    { "bairro": "Carapicuíba", "cidade": "Carapicuíba", "cep": "06300-000", "lat": -23.5235, "lng": -46.8406 }
  ],
  "nomes": [
    "Ana", "Bruno", "Carlos", "Daniela", "Eduardo", "Fernanda", "Gabriel", "Helena",
    "Igor", "Juliana", "Lucas", "Mariana", "Nicolas", "Patricia", "Rafael", "Sandra",
    "Thiago", "Vanessa", "Wagner", "Yasmin", "André", "Beatriz", "Caio", "Débora",
    "Felipe", "Gabriela", "Henrique", "Isabela", "João", "Karina", "Leonardo", "Larissa",
    "Marcos", "Natália", "Otávio", "Paula", "Ricardo", "Sabrina", "Tatiana", "Vitor",
    "Amanda", "Bernardo", "Camila", "Diego", "Elisa", "Fabio", "Gisele", "Hugo"
  ],
  "sobrenomes": [
    "Silva", "Santos", "Oliveira", "Souza", "Rodrigues", "Ferreira", "Alves", "Pereira",
    "Lima", "Gomes", "Ribeiro", "Carvalho", "Almeida", "Martins", "Lopes", "Araújo",
    "Fernandes", "Costa", "Rocha", "Dias", "Nascimento", "Moreira", "Azevedo", "Correia",
    "Mendes", "Nunes", "Cardoso", "Teixeira", "Moura", "Freitas", "Barros", "Cunha"
  ],
  "nomesRestaurantes": {
    "LANCHES": ["Burger King", "McDonald's", "Bob's", "Habib's", "Subway", "Giraffas", "Outback", "TGI Fridays"],
    "PIZZA": ["Domino's Pizza", "Pizza Hut", "Papa John's", "Brotto", "Famiglia Mancini", "Bráz", "Camelo", "Eataly"],
    "JAPONESA": ["Sushi Yassu", "Temakeria", "Sushi Loko", "Sushi Isao", "Jojo Ramen", "Kotobuki", "Sakura", "Hinode"],
    "BRASILEIRA": ["Feijoada da Lana", "Churrascaria Fogo de Chão", "Cantina da Nonna", "Bar do Mané", "Boteco do Alemão", "Casa da Feijoada", "Tradição Mineira", "Sabor Brasileiro"],
    "ARABE": ["Habib's", "Ali Baba", "Shawarma King", "Esfiha do Zé", "Kebab House", "Aladdin", "Beirute", "Sultan"],
    "CHINESA": ["China in Box", "Jin Jin", "Lamen Kazu", "Tasty China", "Dragon House", "Panda Express", "Golden Dragon", "Oriental Express"],
    "ITALIANA": ["Famiglia Mancini", "Brotto", "Eataly", "La Pasta", "Bella Italia", "Trattoria", "Nonna's Kitchen", "Bella Vista"],
    "MARMITAS": ["Marmitex do Zé", "PF do João", "Comida Caseira", "Marmita Express", "Sabor do Dia", "Prato Feito", "Marmita Top", "Comida Boa"],
    "SAUDAVEL": ["Green Kitchen", "Salad Bowl", "Vida Saudável", "Fit Food", "Natural Life", "Healthy Choice", "Green Life", "Veggie House"],
    "ACAI": ["Açaí do Pará", "Açaí Mania", "Frooty", "Açaí Brasil", "Tropical Açaí", "Açaí Point", "Açaí Express", "Açaí House"],
    "SORVETES": ["Baskin-Robbins", "Häagen-Dazs", "Ben & Jerry's", "Sorveteria do Bairro", "Gelato Artesanal", "Ice Cream Shop", "Sorvete Mania", "Frozen Delight"],
    "CAFETERIA": ["Starbucks", "Café do Ponto", "Café Cultura", "Padaria do Bairro", "Café Central", "Bread & Co", "Café Mania", "Coffee House"],
    "BEBIDAS": ["Suco Natural", "Vitaminas & Cia", "Smoothie Bar", "Juice Bar", "Suco Fresco", "Bebidas Geladas", "Drink House", "Refresco Point"],
    "VEGETARIANA": ["Veggie House", "Green Life", "Vida Verde", "Plant Based", "Veggie Express", "Natural Food", "Vegetariano", "Green Garden"],
    "DOCES": ["Confeitaria do Bairro", "Doces & Cia", "Sweet Dreams", "Candy Shop", "Doceria Artesanal", "Sweet House", "Confeitaria Central", "Dulce Vida"]
  }
}












